feature_0,feature_1,feature_2,feature_3,feature_4,feature_5,feature_6,feature_7,feature_8,feature_9,label
1.9802663269731335,-2.2050702118526493,1.1914052193553728,0.43545371866487564,0.3314852620217588,0.05548353019555552,0.1417658589610795,-1.6844584265608016,-1.4197767580220648,0.42321237445701776,0
1.0812274227456016,1.6318378764526817,,1.4627408686266068,0.8455260998852114,2.56812878091596,1.1512196407856137,-1.0784318450762922,0.12309711281707925,-0.7219633271251292,0
0.6027911534160074,-0.2084087556587686,-0.9806548639462405,1.509157647143521,1.5910193057751172,0.8304781154870234,-0.20576859802966765,0.11240745394608032,2.3666887628966973,0.8899875622171,0
-0.21200102520367453,-1.8194606752868898,-0.5664370166814278,0.02270649025433047,0.5317448831256588,,0.18676205484824018,-2.9335642358848784,2.882246589741694,2.633537940031605,0
1.3763628801579588,-0.9341471431699262,-0.6632526250692695,0.8749324409434183,0.4233419486085754,0.7982925850835328,2.0807659040391893,1.2329489333581676,-0.32343197472758844,-0.679440922931713,0
2.4609286303007956,-1.4896542313379428,,1.5492787882052186,,1.005037271894028,-0.978322207591943,-2.381531441239855,-0.4899462026829593,0.4730509282332128,0
0.7079916693432385,-1.9457288638869086,-1.2753063774848026,-1.2149896437783798,0.5822444775637607,0.7198485474908612,-0.0659746208908102,1.7995628580049585,-1.7871935640328631,-1.7443307192782576,0
,-1.1108852141436154,2.428786349255368,-0.06263096783924471,-0.5974233651432281,1.555742159108426,1.0779017394533252,-2.1644812475794573,-2.0093861049039226,-1.7021343999747023,0
0.7943507684994854,,2.75097094063307,-0.35829824060324156,-0.8912185001067509,2.6320837153103986,-0.06184008396068339,-1.5647686003730903,-1.741731341255521,-0.36010595263818695,0
0.9112306726598082,0.030717966875500324,0.7750947820295895,0.7505476533364838,0.3313416467793406,1.6936632683897566,0.5334008512375619,-0.7207062213598907,0.3890409812000776,1.1468791992518994,0
1.4664233708543957,-1.400540316655296,-0.010522628919251552,1.404984290601866,-1.6376049174566718,-0.3587680237520918,0.1196002626671043,-0.822921770211368,0.5815764421203322,0.8209668843684006,0
0.8950819408326496,-0.3230929093274662,-0.04189691935940751,0.5784210923630706,-0.5022751745078862,1.6256291046110674,-0.4927552111940789,0.20383190924416206,0.330064282442462,0.923970458584404,0
4.396112159696839,-2.2887778334119004,1.3422044997367324,3.58276427037932,0.7404071223772372,0.4908314249744304,0.03390078412545998,-0.7692824582881469,-1.045249375305338,-0.11994127362647256,0
,-0.5869695944576672,-0.15001169997540936,1.1709175361971549,-1.216325832795099,-0.33141121859337686,-0.2101669077919015,1.20966334200589,-1.0519070166829732,0.2349778748162469,0
-1.023126897693787,0.6880927044905534,2.5666991457566506,-2.4261462900373836,-1.0463548733703751,2.8990368399473105,0.029102708325022607,-3.1474898992550475,-0.6673380544058265,0.008828138267394708,0
2.711030672899065,-2.2004252361309944,1.0699492250434164,1.9475920810526144,-2.21004278929018,0.08885979612573236,1.1040706092820498,-1.8985873634454187,-0.17377527765385692,-1.069960156592582,0
0.5787885621264065,-1.0261710972709546,-1.9592582422862073,0.27109340573655993,,1.2615748751250027,-1.0780621499637142,1.821829610018825,0.9166636138934319,1.1535634286598602,0
4.095032348595764,-0.9341611575832363,0.7133950153176698,3.7919084815788855,-0.629352099686685,0.10917110431512134,-0.7492156170889224,1.9337946182994152,-2.1162013625701306,-0.790012802081076,0
3.3570034010946164,-0.3895211442742774,2.439627907589966,2.8469968771585954,0.8280660763723794,2.050913188546042,-0.2621451438679057,-1.2191419516394588,-0.9567231705153958,0.6569471123242788,0
1.55790886406834,-1.2735815634644456,-1.0172517189797485,1.439895311381402,-0.4691490300258103,-0.25682641858252064,0.6446282463176967,1.2333238667242576,0.03710000449275119,-0.2922597619017695,0
,-1.081771729100377,-3.2125939176810046,0.8757789195956424,-0.5531921834348867,-0.17130090853208635,0.7036416157931751,1.2998531723906432,3.5169641860278356,-1.354018358498404,0
1.2586689650653784,-0.4705904869292504,0.7050678817041361,0.4661975426524005,1.2030478522059247,0.7948286737818753,0.7754237330893744,0.1848995888658146,-1.2876469814831826,0.3406541364121413,0
0.6507184538638319,-1.9498536332564136,0.9959484755631619,-0.9072358710849968,,0.6550672555831234,,,-0.41880606193436926,1.4555808184893537,0
0.10851202451563943,-2.1089145132990113,-3.1985305564560162,0.15938978775913148,1.199638079185914,-1.0709034146812078,-0.21865441149590414,1.7389412877035586,1.6312847278434335,-0.5121457323481332,0
0.591031297154451,-1.430715962264473,-1.2301202549402728,,-2.1643098678478396,0.9594514110503426,-0.3285994380915563,1.121718018586111,-0.24887448626731823,0.4333886157338947,0
1.9838762933166818,-1.5973698609793372,-0.7005282754628528,1.241667747376718,,-0.27531865306266234,-2.3219564173418106,1.527707277455085,-1.1772471888591025,-0.3938018684435067,0
0.9138381023778556,-0.9185165813564571,-1.749067740321737,1.3523286325290247,0.7151624007606846,0.32649598723882056,0.8521788848080184,1.3037123040416183,1.5519351573808278,-0.2773160565659805,0
1.282254798648495,,-0.3371387794456554,0.9472133742028364,1.1083376866371504,1.1109405691778056,0.5967827796749764,0.7450540398957606,0.01961245476901141,-0.42093888569228466,0
1.0823546254475445,-1.166936211488622,-1.4634497544118523,0.4105323290834138,-0.6095678288359828,1.0912864495318306,-1.0133158355977259,1.9215400928860127,-0.10617545208078072,-0.8174008969073498,0
-0.15832801391923143,-0.8701178356615672,-2.685895793045775,-0.0312634146708104,-1.6247979901029892,1.2039872537244674,-1.2090343969891855,1.8683464790950857,2.0248815080274847,0.7803428116164461,0
2.504816255378371,-1.6089552393912032,-0.8283200748306573,2.079592774217103,-1.001062213384433,-1.8193986455660076,-0.28368469367815263,,-2.0417494820694593,-0.828397454793649,0
3.9445529800899712,-0.06033604942712645,2.6379371331877723,3.5731986169799193,-0.3674105867948155,1.8250780739230026,-0.20372712804159823,-0.3824837797893601,-1.699629797334159,0.5533635687726227,0
1.11787029517157,-0.33586043328742127,-0.4086397185115805,1.391187985383643,-0.9494243267257642,1.2086114094599734,1.434734979664344,0.2998527379724767,1.1362328759372349,0.7595464695780427,0
3.309441530639018,-0.10715997430342272,2.625356733825692,2.9889498247255544,-2.7222777409231447,2.3739646580207143,0.9425452284534718,-1.4701612517468936,-0.6147975062727966,-1.253295627303265,0
0.38180377893688155,-1.0984523942023061,-2.6129223948647295,0.6603170908657506,0.02128043710406337,0.5084245473440098,0.8867323595545424,1.9711695154564621,1.7916638305515975,0.2214916232783944,0
,-0.3659538122202611,-1.7623702493126074,1.1167569602679255,-1.6547282764099975,0.925170222676977,0.5387981587692622,0.5892415128168809,2.8366949635805216,-0.3125427371001645,0
1.1322150224464098,-0.5977047722684463,0.11667883215018778,1.015068008606009,0.12536531576516902,0.6968604855384445,,-0.22910906166169376,0.34390346264799404,-0.7072933806359618,0
0.5267338134898489,0.0829612675548177,-0.3297271545293342,0.9780476825518574,0.7641052963280948,-0.5185315157242372,-0.5013692716678184,0.8131305537659343,0.0449116573092051,1.2902611290460646,0
2.8534988896538946,0.04240737451087062,,,-1.6722497745673186,1.7453930897948169,-0.0027502410341822625,-0.09966184514126741,0.31444492920533995,0.8965886542360184,0
-1.0829678334889792,-0.44380591464163466,-2.9876566440536805,-0.04796718162428715,-1.213941706157383,1.212687349146581,1.9391925690994662,0.763640148834066,4.109668023207918,-0.044743180762598096,0
0.042563325084193124,0.250176945615217,0.09123069942073382,0.30598540038915795,0.5736870300025537,,-1.5215968426326696,-0.30307300853328173,0.7007937129357431,1.2411473438787268,0
0.6264901626711266,2.1322376419823987,1.3848875840522519,,0.05178385119895345,2.590646794454096,0.5767938239138171,0.9357284068313689,-0.7007651281148297,1.7467389375083464,0
0.9955577243168358,-0.4347987586398575,1.4313350586245572,1.1396747015459787,0.33972385937475696,1.5724215578465672,0.2820026250168557,-3.0334746964680486,1.786393126835515,0.2829461845074849,0
0.9868438104921079,-1.0028542341714475,1.2795846821267838,0.14609521569772888,-1.2646864317560584,1.1981150198118067,1.5292965508395333,-2.1957703866757203,0.04846000797192829,-1.0698953290805033,0
2.885083924340399,-0.6400225817357882,0.2863456983172545,2.8307465958486304,0.8986484586849005,0.29573435998709996,0.559577061510467,1.4123160653458362,-1.031815509702812,-0.7067297635192396,0
3.6788761632514264,-1.1879538238921006,1.8867322956875932,3.109691382802284,0.47369313673222746,-1.1133931824956396,0.5230790040023944,,-2.7099057554785624,0.9525983946489063,0
1.8914899703954753,-1.6482646775026795,0.7155150396250275,1.1674022587286386,-0.7345580968654715,-0.4202744364217752,1.013455821741101,-0.9821582160068639,-0.773238661734619,0.12652320501805506,0
-0.22707510768818964,-0.43144995549650095,1.0847457031409053,-1.2130051789875396,-0.8332949582424903,0.6372523044974708,-0.6382769656971474,-1.630637555342958,-0.7130895425928987,-1.4180599219689365,0
1.6614321086341095,-0.5558331580697831,1.2836565506548696,1.084445906952588,-1.4263789222814078,0.592852567849589,0.7813622223625104,-0.741207337949233,-0.9861350347535516,0.01804164863409918,0
-0.09502562788650729,-1.2549983380812657,-3.586109804891917,0.2679774391727662,-0.8145947931704389,0.6940322661350427,-0.5462590381260406,2.5446821716636725,2.4964845455346674,-0.8934932338876084,0
1.7659658842218864,-0.6747168448568615,0.3482699858440772,2.042798886209659,-0.20429533330183694,0.37742063415524635,0.8039193308807204,-0.5359671863003542,0.7005334871660596,-0.791709350567595,0
0.6028517507775039,-1.5678955479033416,0.5400621257993319,-0.4758661418612329,1.5991566845286143,1.0903352874925907,1.2010147611718904,-2.066666580966512,0.3802175766360798,-0.5540552934127837,0
0.891015367664545,-1.6099554603783612,-2.2293324664636445,1.061850180563862,1.6411595390915734,-0.6361739145358021,1.1294735893439463,1.5784730678017311,1.133736631474667,0.5418420893363174,0
1.7349301121350569,0.376125527092559,0.6191389547275,1.8526321838939448,-0.39814201058847004,0.7428272270649667,-0.6119221214117702,1.0960420352975793,-0.8752495240814073,2.441504342169468,0
0.6754267424394318,-0.16682510284609708,-0.7548732696418914,0.24356871182420958,0.6918811448550872,2.4807403063067053,1.3349032478434442,1.2475602427212267,0.48971695922272773,-1.201303349767834,0
0.32233595901413,0.5057588889369959,-0.5288767337111615,0.4647897742159292,,3.2144708639172253,0.850647667782251,0.5699267000705527,1.689566541389,-0.7580853266871995,0
1.1259833728539308,-1.0605485939927943,0.4808843176432618,0.9443645307673224,1.3907324875915426,-0.046420780300022835,0.12391742634264473,-1.30557081269838,0.4045443206193575,0.1848678838526347,0
2.4647104033858223,-0.31605405876164794,3.36108579647689,0.6973105663172047,0.13227279049742133,2.9021951340993235,-0.5925095652129303,-2.008090934453694,-2.4279740587461,-1.5443773533483862,0
0.8299501478983441,0.005128405143685066,0.4602510048882446,0.372578779715946,-0.4262685566764252,,0.40191895517392295,0.5750344410556529,-1.0634489763788317,0.8168679695322622,0
0.7292606433265768,-1.9843958345801775,0.02098353181513393,-0.17670622740012987,-0.001736523275695409,-0.4089877709681413,-0.2278879815506622,-1.4797226347466452,0.03003458477168075,0.11955692459848473,0
,-0.6466701357740053,-0.23404636160702189,-0.7410306921269625,-1.4689234636701936,1.671386276988775,-0.42444870314248145,-0.25136550618245956,0.27182572896692414,-3.324755719911096,0
,-0.5470959564633738,-1.3484132176745558,-0.5312952133551139,0.13784450488078345,2.180046150113944,-0.7027280159126388,1.0238223298843598,0.9874939362520809,1.533854941032175,0
0.578008537268742,-1.760543471055221,0.04223887480231788,-0.8849744143010321,2.6450367904151584,-1.0883658202054032,-0.8974915631672096,-0.0855427473435354,-1.997959676682082,-1.4040012963810977,0
1.835111834720541,-2.1263476440693965,,0.7192373696987324,-0.7250967209741775,,0.20001485117174814,0.24648546264358684,-0.8567008106760707,1.8627464923572625,0
1.384987718158066,-2.186967643833258,-1.2441588573705267,0.5682690922333926,-1.416433628196194,-1.2301166489952744,0.6531931105803095,1.1683553146629535,-0.8795553826388816,-0.23391503064445315,0
1.5324403707200716,-1.4928557851873534,-1.2314996685142652,1.088113440384557,0.6990136200130055,,0.6354460283143577,1.593378052187118,-0.3301021230527892,0.5660859827442142,0
-0.42391866579935716,0.9632273615515659,1.991173232939891,-1.2008630561806817,0.6148413973029732,,1.7786551265382484,-1.7468687468475752,-0.6202814286018383,0.43374922088634593,0
1.792851914961063,0.15902219807951345,2.0031053752809043,1.0483871317203821,0.286194759048022,1.3956206394938186,-2.498493587871451,,-1.7565735151102404,-0.1358547163882445,0
0.6794224788017443,-0.27872709883966285,1.6784487732105668,-0.7529275634120383,0.7917964128034704,2.0059221702599177,0.785812009296809,-1.2340919479988692,-1.4561795626318812,0.7591785027052609,0
,,0.9434630841370981,2.3913466377562123,-0.47386487015952894,-0.060562897222586565,-0.3657996727935024,-0.06543961007293375,-0.6004519754826219,0.4508913752125149,0
3.280982296909583,-3.0989235644413275,1.261938155830195,1.1489425993428775,-0.5930721344322301,-0.661912858975966,0.31470630755446866,-0.8717706734335005,-2.946026919927011,0.3778292212221578,0
0.2144798819343707,-0.942446691925855,1.6828906159507273,-1.370264560653425,-0.5895673839924012,1.5720237995288755,-0.23433491104206355,-2.6060107443930645,-0.7975904252377047,0.13164456691928453,0
1.2018042555768187,-1.06753600583025,-0.8886371587599153,0.7937797913561625,1.354019142371523,0.6554578642235969,0.6888909324916298,1.0751025910307686,0.060407420573343806,0.3752169571571625,0
1.6468298190702206,0.4482320812917677,1.855313324878772,0.8846736926767818,-0.7563234246285745,1.7238956986339429,0.17255019180419026,0.023428141063431385,-1.902618967949397,-1.1493716102158729,0
0.5835016743135816,-0.9350857424947443,-0.21701901036310717,-0.6019303268916691,0.5582916747557968,1.4422557192316938,-0.16037100058244824,0.3986346011545233,-0.7049579838784532,1.171120631033927,0
1.1458741683235723,0.21799446201709327,1.0095633892060158,1.0460671541226263,1.3369204375647132,1.3002320465961015,1.1825657270608714,,-0.17702720781614067,-1.5630894981604142,0
1.7688896010664505,-2.646770088228888,-0.7132009315862389,0.8772950232748831,-0.35071044462349615,-1.2983449720372569,1.0499941674505682,-0.031211797402194374,-0.5794520602924602,1.8065162106620096,0
-0.6358007262449534,-0.36511201842992697,-2.2607680491338287,-0.6103217899134292,-0.30149736352087375,2.3819553293370688,0.24917867171389732,1.2535277021926208,2.3993703340948223,-1.5531320533688295,0
1.785736055307827,-1.7262268792368438,-1.2287580735070973,1.708663926932384,-0.8074354014696146,-1.0084309430813434,-0.14900519936386536,1.2274819404527038,0.010242885096649612,1.1129056673809317,0
-1.4361014528596276,,0.7061091721565355,-1.5606303404344202,-0.10137825626420019,2.191294713293556,-0.4927727282429369,-1.3021502910341116,0.9231024865386421,-0.8135303493662359,0
0.7212625665230382,-0.27630890319234847,-0.2774423077439197,1.149565400188497,2.6846742380640736,0.9417429374691353,-1.2332688262968767,-0.3609542945387916,1.5258863303466546,-0.3511962018037653,0
,-1.3190832485671642,0.9942762523339084,2.5156212896065684,-1.0149348063096417,-0.7129066852675765,-0.7611863848144755,0.22591037549587178,-1.7754461642579378,1.0518950572656043,0
1.1957714095903613,,-0.5618849285479782,1.8091734493809515,0.1494194735091969,-0.7291089453426769,-0.28839220030029905,1.1709041491548249,0.16956815705780215,0.6795756851606412,0
1.2491302240747117,-0.08181994260802772,0.5263471659265985,,0.8291298273361137,0.8847686680068179,-0.02733193410609337,-0.7842756561834221,1.0880674780196031,-0.26170506767822693,0
,0.14965536999406748,-0.18741267227095554,-0.9309881587350488,-0.40863591253667014,0.1869309954390601,0.4788187482130753,-0.37511371254659265,0.4238087797218084,-1.4091069277559771,0
1.542670421942785,-0.4201342988376858,0.7888191050801938,1.9198367975125283,2.1205681204305016,0.8070718812629208,0.5794189828989692,-1.3643579660641416,1.151571982026614,0.8525958032951028,0
3.611904758072194,-1.1595257192579185,0.5923655721225746,3.053017973022409,0.023895096986299567,0.32737385630433274,-0.2641710099153342,1.4692686891908007,-1.8655493521543152,-0.302961376874301,0
2.424900251241868,-0.7785392454797804,1.921124984945271,1.371085195184906,1.0544121122194114,1.3953087546074041,-0.09530972104935061,-1.0025487053702484,-1.5561879108720744,0.7601183762563611,0
1.4753507280567568,-0.7553160051910127,2.087001593462005,0.38386987422103797,0.2214776976759162,1.72697090941893,-1.368268938725629,-2.3629323721203046,-0.6715890218243682,-0.060917832770783234,0
4.491108387217774,0.9761273827903902,3.6664760048176244,4.243384505490996,-1.5081878543539287,2.736671156442422,-1.156978475142292,-0.07831173968666416,-2.436280418836342,-0.6927548576980426,0
0.08698576895667927,-0.9997291602347855,-2.1190564205400597,-0.10083497980269229,-0.12011364321136973,1.3105882473910695,-0.182420997152417,1.3899748996687031,1.5229170998949177,1.192496559031471,0
0.19367966851421273,-1.0230618295142424,-2.2622752207926666,0.06082406288393305,0.2886539308074841,1.2333005639186603,0.07477626792196859,1.6481308353372388,1.5118467926325656,0.9960086593886697,0
2.409113491953854,-1.3948223346398825,-0.91045611942658,2.83459455059253,-1.4622247396898422,-1.2655162149714558,-1.1722604528915,1.3582406271514142,0.08053125619500334,0.6950206950882235,0
1.9819737429180515,-0.4285207611007466,,1.6975309523792945,1.7026964883479363,0.7142874922497519,-0.07474416815016639,-0.14107212599744756,-0.7199205730564135,-0.49938429859137107,0
,-0.3359422133969273,-0.18659826653590866,2.8264068061348393,1.8272615049570138,-0.811200597591837,,2.1452024635303326,-1.1574001495058466,-0.9954036030247475,0
2.1140666235138403,-1.2458710577763283,1.6001288190344443,0.9128273300014081,-0.36391939348963653,0.5575700448958436,-0.2766358691614466,-1.1167699279589993,-1.6839664637317875,0.6494973648592396,0
-0.1639740801761993,,-0.36560737941115956,-0.1407274246239154,-0.6053929239275391,-0.08609525202889634,1.1384155206557094,0.7386917328390672,-0.21678600756780153,1.9044335081747408,0
1.5017807037305575,1.0923075456525853,2.1741126038098746,0.8528037134560503,1.2083478175735631,2.57969769083444,1.1414643179722508,0.027058348162410484,-1.7640439219671507,0.32584085214792474,0
0.7125089810564748,-0.786766782250762,-1.1535721113644302,,-0.20648098517684707,-0.20965773085138095,0.5604813988049354,-0.004974701560031214,2.1088578333971197,0.15915894533210567,0
1.0527116591215553,-1.698077749035031,-1.288887729709314,0.6925517088838009,0.76527643836476,-0.7352535447502047,-1.739065631104434,0.8952787658378161,0.0612522023008536,0.15111043728480744,0
-0.31134684384993944,-0.7334646884564436,-2.190483775215094,0.44253145139823435,0.21187867865182275,0.4977891114732175,-0.8955560935463348,0.48209256153671437,2.94999928815756,-0.1664691282352289,0
-0.5366746626195447,0.36333614499284694,-1.578302425491922,0.4541524231733744,-1.1838851760524995,2.2706966229696173,-0.7145470084708703,0.1897148908269397,3.531705708157477,-0.1418016249960874,0
-0.46183450619347094,-2.2874307566043663,-4.635337588624248,-0.6534625947799992,-1.9642925222356131,-0.2941681769116429,-0.4915611585980846,3.1823002149016713,2.0338782515176925,-0.5261623535474892,0
1.5840437559963767,0.290410456258545,1.7539307168323814,0.41055596838243696,-1.1182741545652792,3.0890384243254525,0.7428594795772315,-0.14543187162454052,-1.536360554695263,0.7540831702904721,0
1.6191303484064943,-1.0667167514411662,-0.5096009492353134,0.9702750802109612,0.5054042734309971,0.7007760473816261,0.19584524701068554,1.260694044093069,-0.6862721648161387,-1.2046932828281127,0
0.23730126691912362,-2.0004428441439988,-3.0404749897513152,-0.4537198075801463,-0.3016338835352606,-0.03751597023465114,-1.5205413173698987,2.523724827853181,0.49538768542738537,0.1295004510080991,0
1.9764094590189054,-0.3750675235398073,0.5721747246411834,1.5990671405089236,0.502714891773257,0.25433740161195617,-0.34829345358145714,0.9717651815698891,-1.4595091819783645,-1.3121824775277826,0
0.3282266459881641,-1.2966118550341228,-0.038128358985889246,-0.4878056277888967,-1.692681615510937,0.09604009635985489,0.5597004724114222,-0.8562119652167087,-0.11757795119360703,-0.8067463802094889,0
0.036922761582021936,-0.7123960493647271,,0.9995890065036254,0.17721878507168543,0.4185042240997586,-0.9120541021539065,0.8516657129929273,3.0449177526358406,0.5063669775262545,0
3.0627231875399326,0.5437439827176762,1.1520632087136473,3.4322428131802853,0.9200114600053961,0.5170280054211611,-0.30136312044018576,1.7037799323075233,-1.591588346065316,-1.6644767353332222,1
-2.2997055104139625,1.042333739839606,-0.884461546095847,-1.5880973164808205,0.27402735267208544,0.2463612718015663,0.15187760961393976,-0.26019545881508344,1.7861178695573043,-0.29859673760962646,1
-1.1535502284321628,0.43255997573786725,-0.8751147077236863,-1.0389567301475602,1.623263185486201,0.4000402179340732,0.9173151613587754,0.6641459587173089,0.5857382301937148,1.6884421557461313,1
,-3.4985141227668413,-2.426565620884214,-0.21726419042042688,-1.1354666958101698,0.059729020689178514,0.4879054450741863,0.7942448528659345,0.5192092510060631,1.2916352267604467,1
-1.2564061450210415,0.703654899106448,-1.666318418068526,-1.1445949381098581,-0.6810551606146789,1.8616712219445104,0.9958719766589276,1.7459274948745012,1.1954964383877942,0.08079162972197933,1
2.7305332929143216,-2.250369568069261,-0.3337983129946353,2.7751715113524384,-1.8348080296345557,-1.404276569628477,-1.555970026317907,-0.24403066394247563,0.27148726461191397,0.5225619208753273,0
0.18443070205421463,-0.8518667385320944,1.0885436902079377,0.3924475943503521,1.939988391476335,-1.1100618854954447,-0.7419834280919447,-3.0793143605477553,1.0149982370314505,-0.554337967313331,1
0.7504458938172144,-0.6991032057971931,0.059314179092853136,1.137197887757271,1.1447596114522973,-0.6319246413382011,-0.9404602897857572,-0.9455623898421399,0.9046682385578315,0.19256023453262594,1
0.32050649610988935,-1.1605144849902074,-1.817507721172834,0.11754988793616838,3.061946965406219,0.6137271943719657,-1.1031827573082331,,1.085740743312943,-0.98026117629751,0
1.8896629583351185,-0.14398375907936756,,1.3198282763845943,0.8465180917273377,1.8154486634328981,0.4997664384960225,0.4582323588965643,-0.9124267413631557,1.3308671803671674,0
,0.4524834000314761,-1.7828668928271039,-0.5446426629182608,-1.8460482504440554,0.00138977597769685,0.9197033140843018,1.8785865355583224,0.8738110623277097,0.25499675067459876,1
3.281002770068926,0.5867023119865764,2.0186438087409764,3.9790312854725176,1.37004366117099,0.5040467250482439,-1.6328778384903724,0.0869316677076406,-0.870551269654964,0.03462473875924609,1
-0.0346117063363566,0.16343195301773694,-1.3239514943364128,0.6321905120033655,1.1646652085015716,2.1352653944501405,0.6707409459502034,0.4960396182554393,2.662188111457967,-1.235343817146005,0
-1.619177978855929,1.4798465860220578,-1.0319438167433834,-0.1704609331304172,,-0.621770595181141,1.346669723754866,0.8150878902890785,1.6152416007736634,1.308011915661778,0
1.545587952931449,-1.2760355495859204,2.9443988630758278,0.4823515651075719,-1.3854282681144907,2.4904926717090867,0.7932854051651251,-5.091657477396356,0.911471638482847,0.18729554982321833,0
1.6231731009664128,-0.5009853487344321,,1.6234994070794977,-0.13414517626645758,-0.3273169277783942,0.40346891810791735,,-0.6022415735702615,0.5573042937804867,1
0.7457417108094744,-2.0552246647524046,-2.7293977151705224,1.3149416610151974,-0.7328928857272259,-1.7863095998095881,-0.06957820892122617,1.2762373883625235,1.8251783114389653,-0.6561959548884432,0
2.771847575818813,-0.3637024934156553,0.002380549234797813,2.840336952558311,-1.8604479999243069,,0.8642436147342264,2.2112234278895686,-1.3369317584361988,0.6583925119224902,1
-3.1168061230079553,2.8293753263111263,0.2760572486393274,-0.5456404716666009,-1.1416718217393904,-1.126242457835164,-0.37670042990356545,-1.9099275292638362,3.21579000318967,1.4014290022660747,1
-2.254480607485116,-0.3253432242776335,,-3.6014448302059847,-0.4652168666180802,0.6411922076664631,-0.28879530269948617,-0.6066078075787777,-0.5315068576224597,1.3798386997400571,1
-0.8909004213048257,-0.347584986306507,-1.8231176702046157,-1.709758208804638,0.2767229725883162,1.2754647739033218,-1.2975096399822306,2.0793075641585976,-0.13757569492730792,-0.3775546564089599,1
2.664560797666582,-1.5918575083730424,0.15681288689300696,1.6244148826113305,-0.2283383352994422,-0.5114801996422063,0.6198091075303009,1.4317545287579507,-2.366627388251824,0.021060198364359507,0
0.5244657896789304,-0.3067879416983198,-0.752214001878013,1.1885535384597865,-0.4871580226457061,0.8563102808325003,1.429117018551031,-0.17753463395942048,2.08696230234914,1.2212356600669605,0
-1.496243853812142,0.6266899498466169,-1.1798164545291774,-1.1265651649341102,0.5233950169020153,0.16691385579807794,-0.3255873571531219,0.8743678196464147,0.8889118412882776,-1.1378071596536348,1
0.24405110196447705,1.3567684467638743,,1.8692504641240442,-0.5361721666239897,-0.7361276486305316,-0.26403776199440115,-0.5456100369120072,1.135212915369236,-1.3834625118283659,1
-2.412249469581846,0.8771337260118797,-1.0114585852911901,-1.9829838956628238,-0.3217062178214337,-0.11897332698656826,0.07587738995981268,0.1065313193716374,1.155092194370616,-0.18561746791792078,1
0.9278155517021632,-0.6323105777956869,0.4489051978135121,0.4343510676504146,1.2691726564583794,0.2992941631206494,,-0.3119056181424727,-0.5494680641408917,-0.5593299381372452,0
-1.5617839849999926,2.178376117525872,-0.6998656458061722,0.6915412517218238,-1.7645959092770471,-0.8034189094366331,-0.22565670321806863,0.508498613872769,2.3171452754357955,0.6729432044950393,1
1.627130151004135,-1.1649309864607946,0.7514409601308799,-0.07947804707487127,-0.38024155593020326,,-1.9180996005037925,,-2.291053094793744,0.8811833430420066,0
2.5870177194337316,-0.8600062805285467,0.9755116893675418,2.1539513439142866,0.09412426778927614,0.8603234826370918,-0.719006667681404,-0.14259371911444452,-0.7559492866285342,-1.4891464178991283,0
-0.13487838019456413,1.1384980668937703,0.05869031533283483,0.5559485203978141,0.15310199293432541,0.22038506298721172,1.018157247648752,0.7840711658603793,0.17039209127385924,-0.29225521544384025,1
1.5662824061129703,,0.060874594395882095,1.1002548490874757,-0.9635834445300414,-1.371104465754009,-1.1548659796745833,0.6846869663248503,-1.5367482862498874,-0.11308033588623528,1
1.7576433495024701,-1.592429909922423,-0.5632408104751648,1.7351317589349886,-0.02974165415538386,0.28764799100786753,-0.5461110027385696,-0.3030236874963365,1.112452481440321,-0.858812727920689,1
0.26910399455872536,0.3478631890034176,0.21943245829115535,-0.4614838819130982,0.006211355621786128,0.15696072499371028,0.3984491228578794,1.667849028626348,-2.2372936247336357,0.15725843678529833,0
1.1848050080386623,-0.10365846923858235,0.982978350334468,1.0201445306023915,-0.6151876757156072,0.8438500906059513,-0.12889918411818965,-0.6436588959417666,-0.23197637284615424,0.9898601405859991,0
-0.4801839241159506,-1.2523504078402166,-3.240477685977165,-0.6015734155840895,-1.422006524907533,0.976690970555668,1.1050607298029094,2.1811655467300737,1.9620774845218671,-0.05282800457476905,0
1.0310470497141804,-2.3691325204822102,-0.9732428722902319,0.3875661686948601,0.21482650611660128,-1.569819757153818,-0.561782494830015,-0.13998691777543992,-0.14085503993320903,0.024407339533162126,0
0.2838903482970463,,,-0.9057985233676774,2.3502058000057215,1.9247026419347701,-2.664332321074447,4.151505873568567,-0.6589366457796568,-0.47326504683304876,1
-2.023520590992303,0.5622326048993526,-2.5198516643558357,-1.7902150294699657,1.9015592551136702,0.9469833738629772,0.2448193738945395,2.2588182799572207,1.3579791490184105,1.0366468294192557,1
3.1515001075474838,-1.2961987964076667,1.7947030658692762,2.2067719898556697,0.06749368124727499,-0.7953453780132742,0.44508647135340157,-0.19904916187734267,-2.7943632252037114,-0.19084131864335074,0
2.0775715756930175,-1.4251940394322087,1.5424935513325326,0.2718414349534727,0.38196645752409497,0.8658386941849597,-0.8214695290296501,-0.6056328166480289,-2.557456810723025,0.41692950326481654,0
0.9892709808831942,-0.2554786251355221,0.6024426878154482,1.3299168127030039,0.62152184861589,-0.8487354691394371,-0.3326571805631725,-0.5595220153937758,-0.08799354363606848,0.7847815840141892,1
2.267643128037473,-1.1634295801272434,,2.0420331741840747,1.0043766347631322,0.4285620563240992,-0.7005368280095384,-0.6579486905148119,0.00633283045880928,0.187538784413962,0
-0.8332598626213732,1.552900024987858,,1.2412395228457285,-0.1268807141021942,-1.921786830419948,-0.8259841780265164,-3.1750432654454848,1.9997570422158033,0.5068774563905613,1
1.4523724678383283,-1.064886048744736,-0.9215579240671805,0.9862590749306871,-0.5037895841039367,0.9333641783679854,1.214797056894385,1.3776432693125829,-0.058243072050706335,-0.09733681866268276,0
-1.2154537370063825,-1.4430030909843374,-1.7148127662141346,-1.1020010443410424,-0.7048221709979829,-1.5037427868402682,2.484969953586654,-0.7937448564813063,1.778211349984384,-0.3670704059816724,1
1.0573998926561627,-0.17897064466488544,1.3655479191400146,0.585020338484388,-0.9082061822885704,0.9434096173461233,0.06416712562467415,-1.1292546584904568,-0.5677983510893686,0.9939297571216518,0
2.9538210846614374,-0.33315201923116144,1.336676555460284,2.706699963578826,0.11038963910769706,0.5878506930742425,0.5074209278332887,0.5106741411282387,-1.5192226456299092,-0.3234378675446039,0
1.4141087870385332,-0.19748147884957212,1.3182186063659533,2.4095025878292873,-0.08392725487267538,-0.1522682885492428,0.3332400365224288,-2.489206679608264,1.7217376494450742,0.5886526793824348,1
-0.049473839638455315,0.21167615129736717,-1.338682904000423,-0.2796407837627636,1.4182403547575644,1.8547820864316151,-1.5888184753202212,2.1122420046171055,0.3110398229130448,-0.8417119460380091,1
2.100151219948765,0.6121310597079392,2.261552532070239,1.778717300112639,-0.7893470120509625,1.733993541182676,0.10207491624738367,-0.5234129770437894,-1.3692865926441233,-1.0122733568370152,0
,0.6304983277790327,-1.8303786436790943,-0.7078442855386375,-1.0195062023841872,0.051991996562580134,0.9344277832313074,1.786696670711954,1.1179024283645647,0.3409526902216264,1
0.24717208474729196,-0.06271646936513153,-1.5389661902194396,1.0984036105291748,-0.37940449898584194,1.4239627940759836,0.3320652491644065,0.7522323275388999,2.616392583962761,-1.1385673730496195,0
-0.7216863945716261,-0.80578587216887,0.2437024474470887,-1.5144835064171163,0.9994190326779112,0.4632109717121457,1.90329268772716,-1.726201599264908,0.3353267843860841,-0.10735479071401643,0
-1.727775423463992,0.6511201053547488,-0.4976548322475739,-1.5845886849508366,0.2666727637833204,0.21704548177574423,-0.9070081583826592,-0.13355423707339198,0.7001763311542557,-0.7065605788334728,1
0.562569803403532,-0.5949609736740031,-0.8374159103470022,-0.6916502679557663,0.02194380821533224,2.0900148091056394,-2.064957387584735,1.8815364086719188,-1.0018280448980634,-1.2506960629882262,1
0.04752387158987795,2.178743645106114,2.479767808313753,1.8705390943168312,-0.5401030935987847,-1.367196430218307,0.12415659097130305,-2.075154536961023,0.4198911231638825,0.2353179614390995,1
-0.6230861516037113,-0.13761601253561162,-1.9228008082198282,,0.07343451924111885,1.3805245539039448,-0.33637866311040404,2.6462537312585708,-0.22134165895101687,-0.47434544190347283,1
-2.217253766521998,1.9903024364349904,0.6374066095474974,0.23099876944657338,-0.1615559836258885,-2.2376499830015737,-0.6248764177655501,-2.460549248881877,2.7423085030513015,0.8112035278626736,1
-0.8729286180118762,1.0121734827545754,-0.5283770059672557,0.14765888288163365,-0.2795683042665431,-0.7199357852042452,-0.9976745727406487,0.6048034982953944,0.8110243262082637,-1.0676348506009778,1
2.1800839735634665,0.6342302751240931,2.081498315098315,2.8818097942468546,-0.10611951556933184,-0.4240463467039034,1.7046510059281352,-0.7314294537245895,-0.8110172473001809,-0.2702767610101646,1
-0.2641177650518889,-0.9287847598983812,-1.613261053885654,0.047471217395666954,-0.09711820107514263,0.3332639120510088,0.14891007584637195,-0.040833237128333866,2.1939910763731527,-1.0280964078219301,0
1.6775162233237868,-0.7453423144625325,1.7606190663387553,1.8423040662072632,-0.575881712458321,-0.6169871168739043,-2.899893780274999,-2.4974449510816807,0.1735293874257854,-0.10172002555304499,1
1.319018572270067,-0.9513354799597635,-1.9789183363169038,1.754535643179541,-1.81203890112962,0.39875999179305777,,2.03887717807888,1.293208738480003,-0.5975686357669662,0
-1.7349388110217956,1.7145741611306073,-0.4269464928361483,0.060480977499947075,0.8089247222790114,-1.0746506083724106,-0.37418027599018366,-0.19947606331776546,1.9401084737714904,-2.0254180833204796,1
0.7684663165352235,-1.607714744235647,-1.51901874219596,0.37441073876700665,0.5939267344226444,-0.3134004358847071,-1.1044112775115846,1.0056243169335841,0.3330359320310394,-0.2701599923826637,0
-3.168291430097482,1.7961276218273463,-1.0647550155909145,,-0.10622149384201134,-0.600237223381825,0.0834811255198509,0.07683953589851789,1.8531441291977773,-0.5939031720203022,1
-1.323971233340421,-0.5768429452687752,0.3133551108981502,-1.7881551466373675,,0.5859850572362466,1.1029277327426599,-2.6248231827211086,1.312359350803175,-1.3440446284718441,0
0.1698496194128143,-0.475402214939682,-0.5624022118448806,0.7248197050164111,1.684348516124981,-1.1651702318343418,1.0000217150928223,-0.14739559732384067,0.83579484081367,-0.6354231068357553,1
,0.21377166675530002,1.4100694507226328,1.7461306147694096,1.7701676156472728,0.9786029433286838,-2.640897679343706,,-2.1215880793045354,-1.1135192324279926,0
-0.047007484270355,-0.06613443256776963,-1.431389526305726,-0.5065547185391467,-0.8595000398001769,1.0811666307902557,0.5251903903377283,2.428699704198477,-0.4225243782377759,1.5677961311964723,1
-0.6761799865154747,,-0.9849447934822327,0.6664683131494911,-0.8177154757301307,0.0818062083800053,-1.632602745687323,1.0961718978411903,1.6314860287262007,1.0146453864394118,1
1.9146299938908613,-0.6487637809025854,1.1124629955464664,0.19033847669952408,0.09110086660612234,0.4789979629628242,1.8065346714593336,1.4709568872105947,-3.811453620273058,0.21160038058850683,0
-1.6591950827087196,0.36645267333926373,-1.1379665796510365,-1.7458445194894243,0.4990855654659427,0.3964386438317565,-0.13480087150720985,0.7304370065855715,0.5357278221443051,1.723465340067103,1
0.7086282328099207,-0.409935672453393,-2.1141070375052906,1.4971517675120836,0.11617308407654969,1.3844882698367091,-0.8448984534104736,1.6560716311759178,2.4830326284721007,1.1951391798334359,0
1.4172145705856893,-0.9774663917948365,-0.05662479474335245,1.0720733831824667,0.09018263749689953,-0.9151851891608521,-0.5219067501050294,0.7014144129327562,-1.1118270600595042,-1.4122943199298554,1
0.769493922918807,-0.3931887198635417,1.4820667071441835,,-0.3341364484598427,1.3745990900196843,-1.3446490274694252,-1.5057372084558196,-0.7653858550759894,0.3388915982185217,0
-2.275054549873308,1.6504440249625993,-1.8650242512239308,-0.4840608203411399,0.4874139269048432,-0.7083499804517255,,,2.380248077569034,0.1798310795379064,1
2.4715493356656033,,-1.7242419805911595,1.8031378767923594,0.5963970691176537,-2.677340785675698,-0.4879933162072253,1.154987615153967,-0.7086505117036956,2.10367310306172,0
0.2165783826404374,-1.478631252047372,-2.3188801235883845,0.030393030515814545,0.36860082912020287,0.09400983871607727,0.31572526693549224,1.4719627597282159,1.1617567626261707,-0.8112571191371925,0
-0.19523469175311298,-1.4170135673641546,-3.260955592216235,-0.3582767068262176,-0.9809871983289186,0.6116596080698377,0.9912586581920886,2.4354777471998963,1.6127097223205502,-0.9626870321079533,0
0.9457881893308208,-3.2741117151376766,-1.321155785618249,-0.30898504637489,-0.7604181998113736,-0.4239204642846533,-0.12673603578590625,,0.675536740296764,-1.595636760889683,1
1.403626852273966,-0.3024187871282363,-1.2314398139777643,1.8969949584521895,-1.0563279993057415,-0.061361560575955876,-1.0585037209958124,2.259283260126155,0.20727165740928977,-0.3119870086480041,1
-4.69769158795389,0.6281028245599735,-2.4595096413466,-3.722017310493084,0.6550406137817893,-2.4510592439154353,0.6356615967509606,-0.30575155467150994,2.3639710470080133,-0.5908170987358049,1
2.492088802343295,0.6631184049584242,3.426961235171108,1.3072611252865938,1.6224983409010136,,0.022203934542636587,-1.1104715749833314,-2.540746267843799,0.5310966022846075,0
-0.31096020623496573,0.3884211847719817,0.5299912538582944,-0.4658496939603584,0.7800702973910638,0.7237383974929497,-0.6302185531976071,-0.5480316290016487,-0.025014603252333623,-0.241749638893447,1
,-1.2694749573423187,-0.24866229111870217,-0.19163898983128758,-0.12442732310641852,,-0.5690273622751935,-1.214891434471798,0.32344870148786115,1.0936976406914414,1
1.244460172179338,-1.0593240209914154,-0.6802889399890254,1.4228075831577423,-1.1100035718859267,-0.15793857563509495,2.4100486494071336,0.24125977907063334,0.7888811353704716,-0.599366493840319,0
-0.4479769668396349,0.25724484264354686,-0.989401969920481,-0.3930330226187812,0.5863329755781368,0.6628990108174166,-0.3961260979892287,1.2666061362407688,0.3591015679228901,-0.7242465320583404,1
0.7325143915504791,-1.9585006950311639,-1.5040547015521257,0.406562442882621,-0.6530916613503364,-1.2547180783098282,1.189515042665042,0.5730053049600898,0.3195917752227677,-0.06614328487366697,0
1.125289923698748,-2.206333636432186,-1.0650489486112638,0.5347027136661094,0.15964776940790298,,0.5714083877187804,0.08914341286874794,0.09892742213038697,-0.5553080553860471,1
1.062707242173016,-1.4445779802517924,-0.878687133519002,0.6059041378411996,0.4287906399387243,-0.23340644278743006,-0.3411079025487173,0.6450383115003063,-0.0666640974727104,0.7991788199053993,0
-2.5203921303799075,2.8884869961082202,1.6063185506999333,-0.10911843737579874,2.765979614439267,,0.09913833941812458,-3.3644181456845184,3.089927604038995,0.6084077537992262,1
2.3268281767846584,,,2.5821446621288024,-0.9142813107966419,,-0.575944811423728,0.9628403175923463,-0.1408117558643155,1.127374010445556,1
-2.5790631345350983,1.1222418882053553,-0.5141529204261096,-2.635449247873651,0.1524347668741858,1.518327240633238,1.182234028938315,-0.39500298583167304,1.1723574271634718,0.11127676805327562,1
2.1376356396146052,-1.2042135670235035,1.7421605123933912,1.4206763110693732,0.8442832280974177,1.1346755734288612,-0.17494456600131203,-2.251170964256337,-0.16774752461332565,-0.5899092978657563,0
1.1103768906796934,-0.5587496414129307,1.632214820647887,-0.06385191592895745,-0.33869133992187517,2.1629152293271456,-0.19776904470561435,-1.6944398640439156,-0.6526674792740179,-2.3764328563378636,0
0.9659720994800837,0.982589942871074,2.816374287937811,0.3111041515443631,0.1310207620786982,3.6567484378117383,-0.3337788708388873,-2.302409816818944,-0.23005638166538678,0.3191602900919905,0
1.9737548989372178,0.013713949082423516,2.3153722665933016,1.2676634374005658,-0.7276723548562242,1.6524372811704002,0.00946519402268165,-1.274140238880484,-1.314577586609777,0.18911121660394065,0
1.3748694196169036,-0.6065308698110586,0.8029784027739185,,0.8593137911229725,1.5367812401393168,0.4667162340051821,-0.05740203805578881,-1.1420974440489056,-0.2167365144042404,0
1.9572789413104648,-1.94733605414584,-1.6850717216537126,1.2804534939200212,0.5507877351167638,0.11492818914175662,-0.1946766623579972,2.1805397200587207,-0.40810407948772176,-1.702128706538388,1
-0.8565119496069389,0.08226851872749352,-0.23458968622541845,-1.6604067498001893,-0.29340551584204505,0.2298315030812077,-1.4494197291774182,0.752695134908145,-1.2133891731599866,0.8074447180083516,0
-0.22136280621517432,0.5532767273251238,0.7395442931339662,0.8183404077907155,-1.3257937713542476,-0.7739203117396508,-0.6590067582323337,-1.6720331439743739,1.3080974753871093,0.23538826054801248,1
3.0542066809186315,-2.174744568996932,1.1987686840541292,2.170530605113444,1.229774224521937,0.4653721979177132,2.220683796583114,-1.6648441841020756,-0.4260538375857124,-1.1343963827064898,0
-1.91424867763655,-2.2276934627407936,-2.204328623604893,-2.0732508096066296,-1.0637896161020317,-1.6821538941620815,-0.7898474390492546,-1.7640057128928746,2.5993782420313263,1.029882539130331,1
0.5916516053284613,0.5157580576197983,-0.030214945163536185,-0.03524052330092131,,3.084208534409031,1.1446062820500897,1.30972157575974,-0.28742329189621674,-1.8360719875025393,1
-2.7421205758390412,0.7161646685330236,-1.3637721265395306,-2.9234246254231495,0.9729965453330005,1.143035746755709,-0.3754938863522174,0.40848170282648716,1.1285550618077682,0.51651728439791,1
,-0.4778910386490914,1.6547669025782847,3.017556938846785,0.5469610954632903,,0.06884573128385278,0.07032111745407488,-1.360925568656746,0.17698631145506066,0
-0.31626031519629594,-1.1926724087517657,-2.7428865368461572,0.24191113858621505,0.3430670089259352,0.1991728722430286,0.30845010833151476,0.940330185183588,2.832314104169937,-0.4846287640039644,0
-0.9747859858961465,-0.5505410952042704,-3.1016101290857425,-0.06736095715756041,-1.729897831726847,1.3011108254526849,-0.23091025368155538,1.0241068307718078,3.936306526956577,-0.7048684538154905,0
-0.8118537414566668,-1.8529350840982293,-2.9095437973298854,-1.680655095201,0.8651986080012756,0.3952002530177578,0.16666168705732284,1.5246577809767627,1.0147821049517742,0.8160068487744233,0
-1.3406159849765769,-0.40705504417972305,0.4705390873370481,-0.5403879726006489,-1.645592614041814,-2.1550174290012367,1.5055451919058283,-3.32993209167231,1.9057621773121194,-0.5496045846648339,1
-1.571627702150224,-0.8435759960164325,-1.1741481708886066,-0.7986660602665865,-0.1798166313800403,-1.8440599387973169,0.16178191260125813,-1.796433378757798,2.5297362915975445,0.7603218753498576,1
0.15519932282129006,0.6353325270015435,-0.08953232093784284,1.3178877247380936,-0.2763196351264478,-0.9270833799975883,-0.8160378953942717,0.15008563683338516,0.8757858761158445,-1.1221532378809973,1
4.329837292474592,-1.2877040951381997,2.2290383474742304,4.1839488212473235,-0.06638761758997193,-2.0249116008993076,-0.33263731835095905,-0.3058403979069817,-2.6962748043455775,-0.4600762541334986,0
1.64457352537509,-1.832593484987536,-0.947405919295533,0.8540602938704265,-0.5171370804487624,-0.11234373241683326,-0.5253888696369459,1.1130775634623764,-0.6127637070503151,-1.4211531401456212,1
-1.409575107451115,1.5087417423660294,0.51695520711874,-1.4091492345921897,,2.2414520650714502,,-0.47924225300513434,0.6451346968826035,-0.5214010918187526,0
-0.09552978181204362,-0.347640290268339,2.2603737022976502,,-1.47423727889541,1.7810862199822415,-1.847408384527915,-3.288944959990409,-0.5047211749632812,1.8095149185186066,0
-1.1532602069508366,1.7621434931549755,-0.0929726062078462,0.0452678681050348,-1.3141458544552165,0.5531540435560849,1.7666554892914357,0.1869053998286201,1.3910262289846003,-1.8259842416276302,1
-0.16153507110750645,-0.3742990330282741,-0.21422528862723525,0.8928849805739485,0.04967105630026454,-1.0671562363412663,-0.05876471227672918,-1.7108671444652577,2.241380927010932,-0.36370311610051537,1
,0.8155009021696376,2.269342316656444,2.215968753688509,0.2635467405781687,2.0764613133847973,2.569907035475335,-0.5915616971615161,-0.8389417379307686,-1.1802836038228717,0
-1.8902316455650545,2.39745398013588,-1.2522367190638435,0.6541378792370645,,-0.9657136145964682,-0.022577941094418186,1.1058540795509475,2.6524407940134687,0.5334850768245277,1
-0.5292077294858586,-0.4582921500433602,-1.5537380602952244,-0.5708553168878028,-1.0630179915769966,1.8681643272017139,-1.1656715902886647,0.34980144970310145,2.071456337710872,0.23641786235993267,0
-0.05878340503658261,0.26587491294161225,1.1875044588031316,0.48455347807736193,-1.013805932639863,-2.173394238392535,0.847932173353264,-1.404141339620406,-0.5053136080051972,0.9495229179610088,1
-0.681702481499599,-0.14723985693002295,0.6283226727107597,0.6246277649569231,0.29760494279712235,-0.9751062518409548,-1.0843712084571229,-3.6708365619949017,3.1383306885754765,1.3201841971984174,1
1.0410995171076352,-0.8120899132182278,-1.2523418699972602,0.9482120649615613,0.6918098218337286,0.9504399926079083,1.5973727899525147,1.375567572825028,0.6681845123257746,0.5493156445582286,0
-0.3330037576395566,-0.4032742793395292,,-0.483323117191093,-1.2334975839449034,,-1.4896374214361092,-0.8532338055509784,0.4957677974396659,-1.0418475454405287,0
3.3401682573051388,-2.0488679751089713,0.3408385023822705,2.232750823843554,,-0.6778412191505438,-1.1326637535596475,1.1640904671350034,-2.4281080291112933,0.0001866646349733769,0
1.355428637458383,-1.1125761045627254,-1.1090681081475968,1.3110042484658,-0.02465728073149379,0.09396924576651466,-1.885766918754242,,0.3667893574253976,-0.8466462488663622,0
-0.39789653754591814,0.8058744774640032,0.35915611556521004,1.3149994385735733,,-0.8666779510602777,0.5336479953688871,-1.7514845817466802,2.4546808903881034,1.4049423292181198,1
-0.06029978769430792,-1.7230743394910228,,0.4201541073314287,-0.9960497860017741,-0.3835726351922877,-0.5323122659297901,,2.574648115133379,-0.3500184545911409,0
2.830559718353956,0.20868900992517525,2.9410616341770948,2.3644158327430844,-0.5739300079673577,1.6669520946474083,1.0932371075822098,-1.3719211609409832,-1.5391762274994247,-0.45379248516408377,0
0.27132313631825883,0.12297971186663115,-0.4681656663053215,-0.5791040861934131,-0.3587659360951468,1.92848360565854,-0.08152282681934891,1.780884568590859,-0.9684817474058525,-0.5199750884075218,1
-1.1451493359052205,-1.3329314976527296,1.7799710168349825,-1.3287418189767577,-1.6894573383151947,-2.783957264925366,0.19332032475446598,-5.268987542233497,0.6965492215844287,0.16984469724903012,1
1.076396930371352,0.5716351140308942,0.4349274328743859,0.6133299468736817,1.5587980694978887,1.2743424085035218,-0.43874592004829344,1.722339090801204,-1.647264426397744,0.39167061561527167,0
1.4192384748762046,0.343722685508834,1.4387944134017718,0.7963616261173011,1.0951604117202318,1.890440839769697,0.43350549994684245,-0.027677678432836195,-1.2217930704048716,-0.8312707739523109,0
0.9562483850240913,,1.0118544662884221,0.10222180400434344,-0.6872265309140099,1.2793363051344808,-1.7794294488516276,-0.250530300902043,-1.163828834489692,-1.4609249386516574,0
1.5393431563064683,-1.578968989670929,-0.4199725994768995,1.1144983982147145,0.08432382724223389,-0.6219557612782132,1.6512365786872862,0.2706237346906393,-0.3422288521527207,-0.2855036969711149,0
,-0.7603230859809637,1.4812896512374734,1.6876324596594106,,-0.6374653469686795,0.07698314140715402,-1.4052328754005834,-0.7139092626767605,1.4580252755643248,1
-0.08891071481754124,-1.8205297073440314,-2.4435762267281063,-0.12519188669267456,-0.7812967068230585,-0.16922001996153635,-1.0249923138187629,0.5663287465973994,2.017330701553086,-0.3371881377911729,1
1.9703686167968881,-1.0299761389189874,-0.3475159506043705,1.703350538267359,-0.4702435923032813,0.4961625069700939,-0.429063876901458,0.946622721618545,-0.24406655060279148,2.414217312238733,1
-0.5763509492145048,0.35393940223863396,-0.47345150601693153,-0.39609824460301857,-0.06266452353256337,2.691303377295541,-1.8506316416948525,-0.6301649498376245,2.2866306895164255,1.712667712838569,0
-0.03676262260147804,-0.19453625321331247,0.5980868644356121,-0.37611722692327243,0.07575934319837979,0.9581380686778086,1.3414319753737025,-1.3023396368841778,0.41572119303872723,0.10940759902005842,0
3.7242698474094427,,,1.8375345151289328,0.36141552377197955,2.324149120588432,0.6082288953073121,-2.530484251515565,-2.1443532235471694,1.4067808557880386,0
1.776719508171314,0.5010750103364163,1.9138753982389345,2.3354038122522693,1.745871336135157,,1.399283341270051,-1.7756695596944065,0.8027036553057221,-1.5534277984667928,0
0.16663017123421384,-3.367333154298934,-1.6604154268580236,-0.974000222106574,-1.0893499965854994,,1.212158688550331,-1.2817848277896646,1.0052166000914933,-0.980407409798038,1
1.6041512239997868,-1.3134359705490217,0.03911801636131446,0.3828501723695158,-1.0219741103907962,0.5617853675039925,-1.2060002010724695,0.8080960445847432,-1.6057331731060709,0.40410165500900846,0
1.5632850085744088,-0.3337848701113252,0.5984451463483577,1.7988859039000094,0.2619503493413132,0.5387969528034902,-1.2551077492566356,-0.5218596057398852,0.4283731602085454,0.34494500154628505,0
-0.2609381775547208,,,0.5234947667786982,-0.08725601318294572,-0.8766570756281894,0.8534214514921151,-1.9664998835534717,1.844872380534624,1.1645834712019478,1
1.1923312009921598,-1.0913588502011513,0.02444785286063916,0.8611191339336366,-0.21257862798856803,-1.1991889567837495,-0.5208636651508562,0.2037190993983231,-0.9409053163729462,1.177544724769586,1
-1.0949058962466034,1.766246266600553,-0.6233856886462696,-0.21973929220034327,-1.7967380129780532,1.3313618227925776,1.4903794701929813,1.2964962602707888,1.0733251226296687,-0.5422823377626642,1
-2.2735174197346346,-1.126867290500683,-3.1417033774286796,-4.675552343405988,0.33607116792566905,3.2620916470551267,1.9571745336396382,2.821750356458825,-0.35572929939611986,-0.1868033912610023,1
1.2035968884292532,0.17244389275096883,0.6771870574232748,1.4310018104939797,0.184810302489739,1.0809154151156521,1.2530889173020765,-0.2959618937605544,0.3564795469987141,0.9362090095799499,0
-0.19498829619894403,-0.29031025543002476,-1.4680001954030688,,0.031075966875013874,2.3801466836740652,,2.300588512298951,-0.4355445885467606,-0.18241813553953884,1
0.2811238311880471,-1.0260961020321047,-0.4913171719539336,0.6076121412963538,0.1634054740224038,-0.21355101710632352,-1.1956237708552124,,1.803602624354892,1.3005268585960061,1
-1.886004244089506,-2.993075049830015,-1.5893846977305828,-2.8738989362969702,0.7439016768802931,-2.8519141606155154,-0.8327052186054525,-2.4284579226935157,1.0529766136552519,-1.6698676666737307,1
0.6280588006809834,1.0137162317907116,0.178306681913124,0.25231345224459845,-0.3496149900355497,3.5495929889820976,-1.1998597221795984,1.3711238097082297,-0.07449093217924785,-0.3770441691342582,1
-1.9864987166694839,1.3395075717763651,0.036958371913151364,-1.7686689396982684,0.6100231697844505,1.251236452001631,-0.4691413650790981,-0.5455170596635086,0.9564543867403421,-0.3125161606756704,1
1.7397945591282251,0.018930236659831845,1.1242289640841068,,0.1411692986915413,1.8148878927891798,1.118457644847877,-0.04676297635669879,-0.6620539889445913,-1.4708050816732672,0
0.9949894443691722,-0.5887921149463438,-0.7737030529932124,0.4777138341313429,-0.9086502957414381,1.6538580181439726,-0.7150481829666253,1.3116678685451006,0.04304571997062756,0.2908528001767071,0
0.18144076528818615,-0.4161220663366641,-1.3499561426571214,0.5897792805421181,-0.47933686144085164,1.3560347142143325,1.1558850841927,0.4015549392221442,2.1654576955794305,0.22226613244824175,0
-1.269326219208377,-1.342218134009021,-2.425202279571162,-1.3223678266895151,0.6627258265192667,-1.5582439042774054,-0.8071399829793362,0.8008236993269702,1.0761766802248083,-0.21347213599941883,1
0.6502161528411347,-1.254377035763506,1.156663087795844,-0.7492772389518787,0.6207475552794239,0.6461220064809717,1.0401885647927522,,-1.0661794566463711,-0.566128588607568,0
-0.5318336262034776,,-0.8282968854199719,-1.064964159934393,-0.44029678710755854,-0.09483856007561431,-0.2216885799990672,1.393725432515305,-0.8925367030516682,-0.7707370597008625,0
0.8652053889923969,0.33780193523684576,0.6582470236029033,1.4988417507120197,0.18151333150755436,-1.2534259634329419,1.214973511292237,0.08097998693274833,-0.5091608362757072,-1.1874654017384385,1
-1.9896562859035838,1.6062810463765576,-0.9714628635138051,-0.5755753700637856,-0.5138386168427719,-0.1788973394908866,-1.1473219676483402,0.4108295696447571,1.9794842575021772,-0.02683184370905971,1
0.6854250643536074,-1.481941483363539,-0.18137332242781642,0.559332918242601,-0.14655853569167893,-0.7270035739931815,0.7526823152860572,,0.8155876519796605,-1.0359109850124564,1
-0.056116293101893665,0.7000257996618287,0.4173346562615759,-0.31765033973505735,0.6283820360376229,2.0259728150464147,-0.2395073687649446,0.11199612213370269,0.05052290430303863,-0.797813748337336,1
0.9870216019969593,-0.11482181281920512,0.24652777661454117,1.097456534886029,0.12181470577485806,-1.0449256486435092,1.5452571697547433,0.742728019014689,-1.062814535369326,1.0033827642199402,1
0.6281347192201289,-1.0817675780685763,-0.9188017148746969,0.4396203762446411,-1.3116827504667838,0.4418998064240052,0.8676320839061359,0.22113680118451196,0.8461190804606377,1.0776513095291436,0
1.8786228989396947,-1.1112016262187532,0.4239252689922767,1.1759013422353093,0.40208825820294014,0.18722199137615048,-1.2915256017682013,0.22300047747896,-1.1185045831674687,-0.8923253901884467,0
0.03387438380738283,0.6511672788542847,0.8033041345571701,-0.620235765739645,-0.06827762263933808,2.899311875262435,-0.8513704503128111,-0.29856857464974906,-0.08493609913422029,-0.6366700950057121,1
2.364901933449742,0.7071023728130963,2.109581632562032,1.8601967829652661,0.5956440575697195,1.7745129050295416,-1.5272956904278092,0.46891627335900954,-2.1370534765402485,-0.49605231253974436,0
1.9425396500236491,-2.2341088295933087,-0.43140642811939284,1.1008972348102075,-1.1501720603143877,-0.17751526164750941,0.346636196565839,-0.08172903363582562,-0.28205519808460866,1.2526157196195573,1
-1.2498832370645252,0.9498330873049279,,-0.7537781062302271,0.5987390159931402,1.0272843753088554,-0.9202385297763772,1.0849707598733866,1.1911926098612415,2.1640073739123564,1
0.7476139655826959,-0.3631322389014145,-0.37354789652027626,0.953756001092924,0.3593025800857549,-1.178785273195004,-1.2081788236455882,0.9381206383984084,-0.537251273613147,-0.32894408535730224,1
0.9782290053035537,-1.1304288643360647,-1.0337490008492547,1.9175578478234554,-0.17769397711340018,-1.3251622467760493,-0.659602268519233,,1.86694828947519,-0.6662842005099068,0
-0.099626543857569,-2.5722823476851797,-2.5434232015611458,-0.4598270758938314,-0.32662348908556743,-0.263762723116741,0.28053234055525844,-0.18734198669917257,2.309932597463667,0.21741657568671346,1
1.8762836464192851,0.23671690490374075,,1.8757855755710098,-0.21242892991046652,1.4131862168648452,1.5042142828299232,-0.6158170616014251,-0.31846507541798713,0.028012915358889258,0
-1.8819831712569233,-2.730302536873921,-3.050434085763857,,1.5080475914191533,-1.9543178937138952,-0.24936410162594572,-0.38375146383470077,1.7422940716387296,1.1162463905181252,1
-2.070381641524615,1.4259841343491675,-0.07535196167147215,-1.538867209578774,0.7661960091741071,,1.0104138262506557,-0.46060436373880687,1.042226112410504,-0.15556569452183558,1
0.2505629813707426,-0.4061190206193084,-1.2374444098129675,0.2594585187848377,-1.0883194870290538,1.697782915918407,-1.2793704958528451,0.7795165642327754,1.4671740666008948,1.0383776547651489,0
1.8053245704520104,0.13970792492348105,1.1091553898074973,2.2607070441554304,-1.0943647975501434,-0.749766855474715,-0.5881543569877504,0.03864307131031686,-0.833791140432947,-0.676241208242424,1
0.5025961553256008,-0.5029643148450957,-0.9212301445877954,1.0350630012640374,-1.5259297187725958,0.628996474427352,0.6178748004645681,0.003975384650118374,1.8791722250513974,0.7011863260703732,0
1.047098986504825,-1.9745061899425602,1.4349287925844112,-1.2004679793439499,-0.36624169747817953,0.5355038169474298,-0.25018783320716287,-1.788771657431298,-2.260610133746539,0.15971772868210007,0
2.741900961195232,-0.737128332200941,2.0967168700287413,1.9758907650179,1.3520284761807149,0.16539251086976214,0.282187407430427,-0.7701435870864066,-2.1015412591862814,-0.15010422158550477,0
-1.5398802715785105,,-3.0136404401513217,-1.902272864286797,-0.6399918167774491,1.6447798855483353,-0.1662214847101506,1.147998342221193,2.4373063808822937,0.11386940030968377,0
-1.6621589504822516,1.37109011802137,1.9544826998086855,0.250767670995952,-0.030402766530498528,-2.2155694606398946,0.9268668857519582,-4.407700395790231,2.3431260154477487,0.87362850207453,1
2.395265818437103,-0.20716661638587386,3.029801134441519,1.335338235811335,0.2963644392546358,2.72059898700296,0.2482739329114458,-2.342802894381956,-1.124121801670722,-0.01016572074277691,0
-2.363436511263215,2.39662531056075,0.16876567809991647,-0.46093725163447175,1.0728867429928937,0.054052129028981266,0.32543685943381034,-1.2229156326130493,2.6450551172304304,0.7099291292005268,1
1.7157389633635536,0.3285991023423853,2.5624877893383293,0.9830332517327733,0.8266415353898965,2.2741658010229497,-0.5721940702934435,-1.5914468946723983,-1.1173950427682842,0.1443434672966939,0
1.1023803951245652,-0.39610154619176136,-0.6893296766490328,1.7947165315045523,0.12284343854019797,0.5439470128459343,-1.0086640011668284,0.2742559652901796,1.6263118944416268,-0.23833817231357088,0
1.614476107325707,-0.5956412098736119,-0.319442387646211,0.8130465537693413,-0.4141211679455457,1.804971492777892,0.8058902285478261,1.600455279795154,-0.8443660495664793,0.6816906899038048,0
0.6714912783350581,,-1.0823082247117768,0.12478767504717914,1.0714113018874913,1.117869654240942,2.020049106929647,,0.2848513756132519,0.6297498783986742,0
1.249032227559258,-1.788479610245871,-0.19105512755554213,0.9333088509729112,0.3171469847104752,-0.6031205549538858,-0.045861259369021544,-1.0095083181799032,0.5092223576875197,1.2024777476530082,0
-2.451265413281238,1.002079363358572,-0.786925913843832,-1.2925503720882592,1.1650321048394572,-1.838450052062471,-1.245593911614555,-0.4413270171265895,1.403242321082865,1.7348318912272276,1
0.38283099789126007,-1.4486172504608434,0.4013437758521978,-0.0302619383487428,-0.1165103783469821,-1.3645636034898483,1.6648018292404523,-1.7995631913576253,-0.027398551960462703,-0.930664217960387,1
-0.5762709156538119,-0.49926199944231253,-2.806759921109619,0.5520819044989593,-1.6490334353493064,0.860880301986574,0.009880609829763149,0.9234646925133502,3.7986983715086664,0.4848786815321318,0
1.333091033224637,-1.4418989286960966,0.04649250588789801,0.8613051417842712,0.4796797395099632,-0.2234303873856629,0.1989496964833095,,-0.08546660911800452,0.7540759331580894,0
-0.07032341526595577,-1.8531803980109685,0.4068493844648675,-0.3097574920560604,0.3144794724834049,-1.4845192408309562,1.8381007079616358,,1.2286286045302646,-0.2515808307655791,1
-0.5401729668635205,-1.0407867667490833,-0.05449253213757152,-0.6509936985848239,0.09697017676084972,-1.8295049034317776,-0.14428794263673994,-1.534758352208049,0.28457649100444593,-0.3693867320636845,1
1.6301269283292708,1.414091279758854,0.5386041848425507,3.1930845902228135,-2.5884166322041997,0.4190013795829959,0.05976783737328261,1.019045037515527,0.7114003663352502,-0.8841584799437681,1
1.4510480637281047,-0.308061434403211,1.2037816885201604,1.861678226042439,0.06863704842771541,-0.051332295335497435,-0.639230561280132,-1.6098887342750814,0.5621574974228967,1.569866436259967,1
0.4928375848024692,-1.6914327939039122,-1.2883895851455485,0.5112320648479768,1.9324594974495528,0.20871600749101904,0.443523738462415,-0.7105473538200929,2.073946868454186,-0.7602909475639799,1
-1.272178196338611,-0.466472209605773,-2.4137105831124015,-1.1550537643734347,0.5389191851437345,2.0683230039925773,0.2961848047310136,0.6083006237652566,2.961965515819399,-0.3606479120661918,0
-1.6965555296810133,,0.5232150849110682,-0.6900943781007076,-0.11565356854823089,,0.25258992737909125,-1.384577224705153,1.528347917056485,1.1606990035971831,1
0.32279369852461876,0.8827331005873026,0.09353446897405446,-0.26029272510167234,-1.079392457099354,3.662405195010738,0.836328719335456,1.1953856901352147,-0.060073124993245575,-0.8377094318949696,1
-1.8285081853610314,2.7315812407323605,-0.2387584496932756,0.869476158766106,-1.9321671625260497,-0.9110779816425614,-0.6754811770399278,-0.12257937304033772,2.736596026513757,-0.657484937966344,1
-0.0017947868828592866,0.8618756757125667,0.35743761854598666,-0.5971281753655149,-0.927784109060761,3.1005708731049353,-0.23937685150891483,0.627906168453569,-0.18674607653760933,-0.6859980417194214,1
0.4443976095743348,1.526694142113979,2.1945142912807416,1.6261624514038353,0.3770920937424761,-1.8368935134461863,-0.09996977981690322,-1.224071081255728,-0.8077452502310776,2.390766164767724,1
0.9638723534316382,-2.2012507504195074,-0.022558908174393977,0.198644935039075,1.3791625881974978,-0.3268133176197856,-0.08338014443846556,-1.8231475853096983,0.5578294454327297,0.4726630560767134,0
2.954305098461982,1.0339366818129139,3.270067608273727,2.258824262111016,2.2947685915477845,3.26764292927946,0.3788105294965933,-0.5369468928414238,-2.0862359486162436,-0.8601926954224983,0
2.8912293054372338,-1.777698012772393,0.9982613523459074,1.92853087773843,-0.7286780669457907,-0.05246888554910911,-0.2920085455130258,-0.3944086216932046,-1.5288745543643505,-0.02302485444650096,0
-1.7040426200817322,1.6525575243064283,-0.4950792378111882,-0.9446727588964758,1.2613181018500463,1.0901870409753587,,0.48134000527842496,1.2766120459173111,-2.2481428867921633,1
,0.5839204223957847,-0.52938289196955,-1.8476120266858673,,-1.1093513890154743,-0.610022977498356,-0.35813010469969897,0.47649464129705293,-0.5487491334148188,1
1.393288707378214,-1.1840489083557468,-1.0457472438862943,1.9602600223948037,-0.4307147004602912,-0.7560812241958288,-0.146059885047167,0.4298971863798494,1.2142071390303433,0.4506555553346548,0
-0.23729315968892065,0.021431320262141673,-0.7386222159630238,0.7119933467094891,-0.5124052146241178,-1.1036498702189141,-0.8979876415443887,0.017888741286372856,1.311756464661657,-0.8680639066752307,1
-0.19164677676673197,,-1.0862823699555817,-1.688768246831977,,1.310992291960296,0.3535478631986765,1.8594380226193743,-1.4034989216383813,0.01424416401371203,1
0.3697796635729044,-1.0498792628418852,-0.7859085990225135,,-0.04546497612900444,-0.7447887894299791,0.47291708452549563,,1.1852936371603486,-1.0612935317114818,1
1.0954013197018806,-0.6295601942718804,-0.9449642987097429,1.83222652310087,1.9094186522934937,0.0703339416850769,0.8098893216611167,0.3789132335875293,1.6592357285356205,1.2514564218142645,0
-0.9434104392900285,-1.3283161317790897,-0.8542675998445828,-0.40488741357799607,0.9160103197910902,-0.60480425232553,-0.7222688836538869,-2.754484407546835,3.2774615975154324,-0.015917845002242307,1
-0.9415212403638122,-0.9696754596068423,-1.8625855257069932,-0.1441595680803408,0.819888153981797,-1.4657128104113255,1.183227173712846,-0.41191400397714595,2.435742231658634,0.004601087097138987,1
-0.8569823521221801,0.8901833163084798,-1.1758402218778763,-0.068078203652441,0.22374831957430621,0.24889796958677268,-0.28026910446356673,1.3921065849345609,1.0460396920003145,1.0527915569027135,1
0.8236638584221019,-1.8620142582826829,-2.987776704379454,1.1987415322140222,-0.2731223524069119,-0.9386838672746223,1.0544316549732602,2.090714176371265,1.6239876335325572,1.0358252384175684,0
2.0188928056080595,-1.1039371763017933,-0.6066756307315069,2.0934845500197303,0.5371784276257605,-0.0840497253508572,,1.0120549872045894,0.11027984690715142,1.0445139862434607,0
0.1895011868640803,0.3093850920388582,-0.1055172120717043,-0.36535989141170483,1.6263804056686328,2.3605342054421516,-0.5026196138317597,0.8013637051133978,-0.08687384992967451,0.3509425048957069,1
0.5893242242609036,-0.008073708585068506,0.8260202280538042,1.4069246949572312,0.7499499706512455,-1.354503305386945,-0.14525129425498856,-1.408585968295686,0.6019697648183862,-0.8406074274696438,1
,-2.5895377577834795,-3.1357639893079603,-0.573105557455396,0.7870308368716137,-0.5478026940667851,0.297394853531108,1.6642990546730052,1.0219560619762038,-0.14311573696377775,1
0.807971743540506,-2.0733265358243944,-1.216012936672714,0.31767742967037826,-0.7206260575907678,-0.5700052217855741,1.5187183527167938,,0.6521648073282532,0.4739340992113509,1
-0.5306692789696845,-0.5401373307045281,-2.404489092162327,-2.023605138683288,0.4276172815847823,2.6475472526409085,-1.5613523357772998,3.507646549258803,-0.7484809248639333,0.4033003902452816,1
2.9433952608888507,-2.5978661659100606,0.8290052106607898,1.8333930143996406,0.5102276451696075,-0.4157798028751021,-0.4847906763568931,-1.2517370689452394,-0.997001020148186,-0.38193227172536476,0
0.7875735868346581,0.494724420769427,-0.5380930734519281,1.7371942001002059,-0.6240987123257102,-0.06862433324695238,-1.621394156122169,1.2686190103039834,0.6806266506760417,1.2046744399937044,0
3.0339416168670414,-1.2667824982313651,0.4913935158649947,3.113260640418728,-0.4303854763970162,-1.2113584091595622,0.3803814482163112,0.48240764184260626,-1.01143630193639,0.44198600639503066,0
0.19735358980786352,-1.6060276993712956,0.15181850803559152,-0.2828109945202706,-1.2744928824990227,-1.0940469730350364,0.37955030461222966,-1.9088918723531088,0.34422337550663384,0.12407272571949352,1
-0.7660579019258238,1.483478243908817,-0.4185259641797222,0.30156568934172534,-0.775034189423724,0.6567691988011933,-0.010937837016195572,0.7708546298407505,1.2215649930914179,0.677359521686422,1
-0.25560732140703823,-0.8539061724814637,-2.1648888723962654,-0.28357654171754554,-0.682390994285895,1.2901431429793981,-0.6768292163870117,1.1322493955714608,1.9032043584719904,-0.9778372003712856,0
0.31648518877618886,0.3899424588052114,-0.15733573741351067,0.42981354363473695,-0.3977041139069179,2.6556796502717424,1.8199488505496704,0.015665221737965473,1.4549415173070965,0.3734932694017224,0
1.173666402691231,1.1114444201930809,2.5300868076306244,0.9942435344460097,-1.7073844825439868,3.178367041192698,-1.553583543414807,-1.87811726668697,0.08184577853197306,-1.1174181735133961,0
2.830862558550249,-2.8689316223344754,-0.4317710818728501,2.237544814703088,0.7172835811587757,-0.7812972039551342,-0.564981911032076,-0.45055813423691693,0.11130850797662972,-0.3773420769478101,0
0.10593427214024963,-0.08375116254214332,-0.1834654808282326,1.2706935561105905,-2.2332788193557644,-0.1993074115449398,0.4881048177193057,-1.4605066486518026,2.537318501278013,0.9327436083455788,1
1.6279003141337571,0.3906870652239094,2.8137388812284074,0.497797572602072,-0.7296646238211267,2.6631547349158717,-1.0225853502720914,-1.5391160781253506,-1.702802059593811,0.9965246338965807,0
2.0668460357183998,-0.15276985642342178,0.7383565995626855,1.8050372025663433,-0.5380372431374223,1.6097746730316698,0.06691572423736862,0.4487896558897763,-0.5082540209674768,0.4915421208773093,0
-1.2080105946267654,0.4283580576893168,-0.9299205151286916,-1.2377169728590272,-0.36158858057559284,1.1311988408372438,-1.1177496539261753,0.5888493356019547,0.8522223811426461,-0.8333735587954348,1
3.156539835123479,-1.9680111376992853,2.1896873464195887,1.9832603403763183,1.4003997947952824,1.656134350581796,0.5542247039460395,-2.8700947702474533,-0.3310585563233818,1.9353203365984042,0
0.7002740908538481,-0.1601472711549662,,1.4783054653578775,0.01631560168577677,-0.14654990684403746,0.7903785250428523,-0.9002274494754157,1.4280825707345803,1.4458646596420308,1
0.8752429488821606,-1.442040746605623,-1.7946508769044978,1.2842415048820632,-1.2767729521310867,,1.1129465302072028,0.8666934618184777,1.41954401819294,0.0013796510079850618,0
-1.278443925396076,-0.23782472482289463,-1.9635510393315203,-1.6805610544823117,-0.16552815135332738,0.29911037153540565,-0.6793845698063502,1.8818084371231119,0.16258285179698262,1.2865973693976245,1
2.527763543920408,-1.9593299065590752,0.9433166670552084,2.096246913404846,-0.8522016313215837,0.19813578552402866,,-1.9876000811726802,0.42267580165082086,-0.8908896119420586,1
0.28554411949279274,-1.4009080900617634,-2.5439240298479486,-1.669169567875532,1.3704096939838664,2.5361360847818237,1.4294578020440076,,-1.2522582990266977,-0.25593056166975336,1
-1.3973890303117735,-0.6338986441355041,-3.251603428256648,-0.49657201804133644,,1.1068098129439046,-0.3653359530124707,,4.177879757543253,-1.401002838156084,0
-1.3478216784648098,1.3223867008853474,-0.20429955882468712,-0.6022396096740931,2.2784019865292278,0.6776078620182063,0.6573649633895711,-0.04355688252532186,1.2220103825277064,1.180490877972961,1
2.2539786587909543,-0.39355404116537646,1.2708915161364172,1.824843640515462,1.0286543794558898,0.9685924006475376,0.42956300020347943,-0.15085583583895168,-1.0451446669716886,-1.8655451010781223,0
-0.3976843219548425,,0.1451466535364436,0.8969813124611774,0.7087186735179315,-0.05172470849027577,-0.7601894489620864,,0.9235511491277629,-1.9700004554188741,1
3.5476146263459953,-0.8287432022518659,1.1584096275006348,3.006471383993688,-1.1687410284931263,0.1362710364163,-2.627065356808166,1.156230090748088,-2.289199784492886,1.3680984817638127,0
0.16881876222461925,-0.41607789828368735,-0.709519033969176,1.2040900647794284,-0.10479191689472767,-0.5711167362737339,,-0.7969788323717009,2.2807510422615396,-1.1732695560039301,1
-1.1893222343580279,0.02366766245985441,-0.32002071568345913,-0.1902585526044096,1.4265929803244661,-1.421391839486759,0.3289328939240983,-1.6540487740681045,1.98825928179364,-0.5012461382334787,1
1.8033656286549384,-2.38265883324657,-1.7135002089295306,1.0265864432297627,0.19656354764246445,-0.15899707333010638,1.0080040042932596,1.493812940790993,-0.08836187191398837,-0.5713742524172769,1
-0.6339360105607698,-2.492260461911343,-1.9148795605737614,-1.0710757005184481,2.1484828491487757,-0.8851889395726463,1.6209759662493883,-1.2678402596042377,2.0783088339967533,-0.7286524143201769,1
1.2126405850429414,1.664430476663845,3.2129338792374647,0.42924874565339804,1.0478511314651566,3.891355792388354,-1.1377379958113922,-1.2759730256337503,-1.4614349361511554,0.015227020617449225,0
,1.3181606647164157,-0.13196810958047508,1.8129175410326837,0.4105320144092518,-0.24363450871217507,0.8802850789837808,-0.22820918947453706,2.3169268500222397,-1.8767187306827366,1
-1.6077178454301735,-0.20912985308749898,-3.0095316301498665,-1.4314409088127793,-0.7993484533760062,2.9514182290268574,-0.8201768790460255,1.2430423823417136,3.5078796606510014,-0.1085929707124442,0
-0.012401272047611222,-1.4348845405688297,-1.4175318264456174,-0.387897061965903,-0.9281426382790505,-1.4034878478641735,0.07272462740328739,0.7649550930896116,-0.11725034874385654,-0.22094226150476054,0
0.4773059000072778,-0.8374147558781941,-1.5506359139692854,0.6161703645182384,0.13682182967129333,0.6064314684937532,-1.1843601723120227,0.9936861719696951,1.3283558659731811,1.223853198573728,0
0.12024384158575492,-2.2928099370638524,-2.168890867227536,-0.4279776102574371,0.27899179474847396,-0.7805418660902991,,0.49251132962118604,0.9794311955018046,-0.3309781736136056,1
-1.0963466698034239,1.6563729814940507,0.6760261416238496,-0.34077964765830693,-2.2562499347482268,1.726891834429913,-1.1784403468600457,-1.0585495032737913,1.5705446417941742,-0.5790453361681495,1
-0.7807898332918726,1.24351690082839,,-0.7004307378914174,1.698092906333733,1.6779682523160724,-0.8650714271711278,-0.5278081011790783,0.3701615768853792,-1.345583400104966,1
-1.5911653141895112,0.4201524089999635,-1.8825048835266553,-1.589377293347827,1.9928326252700297,0.8317030866733163,-0.7792955995214319,1.8133688334139026,0.771821219493776,-1.1177788402369702,1
0.34697277215496175,-1.1070757126404571,-2.2710822080837145,1.5587124686785152,-1.3723746002994057,-0.7381399161723419,0.031044897762356697,0.45129020287623345,3.1000355742148624,-0.15674207578227609,0
3.0218044628117884,-1.10564647870567,1.1393482985004253,2.1906037045707416,0.2983918465663045,-0.050574313853633424,-0.05519823428737651,0.60799036061154,-2.297710017950905,-1.0954009030092366,0
0.5405027088036973,-0.597308628456567,-2.0271949292867206,1.4312621675862136,-0.580143651502776,0.8200472058977288,1.369254797421876,1.0556842934214952,2.710093739410245,-0.3815241391915724,0
0.6914143638303599,-0.3733128871906127,0.36744907210902755,1.0034350525748867,0.11821199140193689,-0.37119059374862945,-0.6741905603382268,-0.8907470048852196,0.5605245272871543,0.02879081373848167,1
-0.46962356559494195,,-0.8873517115132697,0.9789061855886315,-0.7675116467674356,-0.7547368152259379,0.7636977158480469,-0.7906292780889218,2.773181164788766,-0.3961460899373217,1
1.5242002673976944,-1.747982374028914,-1.1067652784094184,1.525742196155511,0.4683155849391383,-1.3541692296346486,0.5199990757978105,0.7264832951168773,0.18139469814954878,0.4015606083877186,0
-1.5295240275954083,0.026525971226072476,-0.499397822955576,-2.6530198950076214,0.9599566744337453,1.7804229330281574,1.5834772772495995,0.15754406739552052,-0.22599432387583174,-0.2133297993092693,1
-1.7783529985354654,0.2171325911805706,-1.8796476580230528,-2.551767683034078,-0.2247456205149846,2.73403237561087,-1.1326690518768963,1.5758126572178235,0.8988594270208388,-0.8404709356859309,1
-1.2605820600407922,-0.1720851985535058,,-1.9675558610553443,0.9280450710056922,0.5715729849269994,0.5428283512706765,0.8458565932984611,-0.22726220284105314,0.20971329919736692,1
2.8147885535553696,-1.2096027971282646,2.207190282369848,1.8931120453849708,0.9902384537051827,0.951565724686821,-0.5869656870923221,-1.8901059959485793,-1.1730607246230906,-0.4540335803194438,0
2.36211886665249,-2.1604908487114995,1.5951833359096317,0.6714150383154074,-0.5481663559692463,1.1487330908018258,-0.5382361859911543,-2.103130776910806,-1.1708856005433337,-0.5171830838060685,0
-0.23717373315395715,-0.2583056189777059,-1.1950452266246816,-0.5342149439157489,0.0018459552310057436,2.254236541396615,0.056336286812120925,0.6885560976601839,1.344771276544491,-0.6508327256299632,0
-0.2833906739299271,-2.260311420609023,-3.8448099900441677,-0.696998254915782,0.3250141362565419,-0.5302357383325544,,2.5693244348543818,1.348267318319277,-0.6149504381483357,0
,-1.338540203220684,1.8462405015306278,1.2931046357225122,-0.038140085441648916,1.2964300676047236,0.049802790902832496,-1.563415531653762,-1.2568762346007376,-2.5108350014014515,0
1.4908322023667733,-0.49572248309259276,1.256652509213583,0.5674891556977076,1.1342947938882124,,-1.3938310438129229,-0.3619667660501454,-1.5232337976634573,-0.9159247272624271,0
1.6599847064576403,-0.6249388266043061,0.019051123873134908,1.9250891966034807,0.2612666841318994,0.3642813061925192,0.3319425566668639,0.013132315442858644,0.5916298653139392,0.9315712686810645,0
1.0416341530377768,-1.090861072798187,-1.7471102596685797,1.6509503719613865,-0.4628156863395111,-0.14342083158774122,-0.6126946458776085,1.0500256676743451,1.746290338080975,-1.7022132660800113,0
-0.5567814773788057,,-0.9966887228053167,-1.5032486289697775,-0.3722724842855991,3.6433132260360397,,0.9707814305433329,0.7652002662048505,2.075637542165838,0
2.5197859869341697,-2.2297978726193914,0.49923025921032627,1.7236081009956685,-1.396934091467959,-0.9491038006259189,0.33869836883918525,,-0.9965166304541543,-1.3582116685261956,0
1.5941294086256905,0.7396525946322723,,2.5790348065668276,,-0.39944851942733384,0.31963267591747646,,-0.1497748941150805,0.2886321508983798,1
0.9282176541561222,-1.0142438496881971,-1.3224332920005721,1.1525675181692197,-0.46843384828036677,0.09159801286377711,-1.154694742632866,0.8635434700303088,1.1081829672292334,-1.2513782464273926,0
1.7980806101039832,-0.8205514048315278,0.15803205040371995,1.2631351312616914,0.3305733926254358,0.7471791918242506,1.633948183523648,0.6293262521821762,-0.7361848387914722,0.9667604626089467,0
1.5290569359714816,0.1800275189373134,1.8977721151035087,0.6386340401405763,-2.0966756985697956,2.2291766409754254,0.863791824569662,-0.7176405285205152,-1.3074702546794243,0.6607233944637488,0
2.727940088460685,-0.34658257946107324,1.7683017891610455,1.9152563412785903,1.7687717832594205,1.307334867161392,-0.4921435151960026,0.08210014955577227,-1.9786110109897888,1.7547755448465847,0
